feature,importance
avg_pilot_interest,0.1881337901186244
demand_intensity,0.16676244726188386
strategic_fit,0.11660454793568167
follow_up_rate,0.11082511314603069
revenue_potential,0.10206532431408727
repeatability,0.09307966930144168
engagement_depth_norm,0.07730113406626538
confidence,0.06949321033846928
feasibility_risk,0.04136554678104419
segment_similarity,0.0343692167364716
